<?xml version="1.0" encoding="UTF-8"?>
<databaseChangeLog xmlns="http://www.liquibase.org/xml/ns/dbchangelog" xmlns:ext="http://www.liquibase.org/xml/ns/dbchangelog-ext"
	xmlns:xsi="http://www.w3.org/2001/XMLSchema-instance"
	xsi:schemaLocation="http://www.liquibase.org/xml/ns/dbchangelog http://www.liquibase.org/xml/ns/dbchangelog/dbchangelog-2.0.xsd  http://www.liquibase.org/xml/ns/dbchangelog-ext http://www.liquibase.org/xml/ns/dbchangelog/dbchangelog-ext.xsd">
	<changeSet id="20200205_224000" author="Leandro Zanatta" logicalFilePath="20200205_224000_tb_procedencia.xml">
		<preConditions onFail="CONTINUE">
			<not>
				<tableExists tableName="tb_procedencia" />
			</not>
		</preConditions>
		<createTable tableName="tb_procedencia">
			<column name="id_procedencia" type="${numeric.18x0}" remarks="CÓDIGO INDENTIFICADOR">
				<constraints primaryKey="true" primaryKeyName="procedencia_pk" nullable="false" />
			</column>
			<column name="tx_descricao" type="${varchar.100}" remarks="NOME DO ESTADO">
				<constraints nullable="false" />
			</column>
		</createTable>

		<createSequence sequenceName="gen_procedencia" />

	</changeSet>
</databaseChangeLog>
