<?xml version="1.0" encoding="UTF-8"?>
<databaseChangeLog xmlns="http://www.liquibase.org/xml/ns/dbchangelog" xmlns:ext="http://www.liquibase.org/xml/ns/dbchangelog-ext"
	xmlns:xsi="http://www.w3.org/2001/XMLSchema-instance"
	xsi:schemaLocation="http://www.liquibase.org/xml/ns/dbchangelog http://www.liquibase.org/xml/ns/dbchangelog/dbchangelog-2.0.xsd  http://www.liquibase.org/xml/ns/dbchangelog-ext http://www.liquibase.org/xml/ns/dbchangelog/dbchangelog-ext.xsd">
	<changeSet id="20200210_214600" author="Leandro Zanatta" logicalFilePath="20200210_214600_tb_salario.xml">
		<preConditions onFail="CONTINUE">
			<not>
				<tableExists tableName="tb_salario" />
			</not>
		</preConditions>
		<createTable tableName="tb_salario">
		
			<column name="id_salario" type="${numeric.18x0}" remarks="CÓDIGO INDENTIFICADOR">
				<constraints primaryKey="true" primaryKeyName="salario_pk" nullable="false" />
			</column>

			<column name="cd_funcionario" type="${numeric.18x0}" remarks="CÓDIGO DO FUNCIONÁRIO">
				<constraints nullable="false" foreignKeyName="salario_funcionario_fk" references="tb_funcionario(id_funcionario)" />
			</column>

			<column name="dt_alteracao" type="${date}" remarks="DATA DE ALTERAÇÃO">
				<constraints nullable="false" />
			</column>

			<column name="vl_salario" type="NUMERIC(18,2)" remarks="VALOR SAlÁRIO">
				<constraints nullable="false" />
			</column>

		</createTable>

		<createSequence sequenceName="gen_salario" />

	</changeSet>
</databaseChangeLog>
