<?xml version="1.0" encoding="UTF-8"?>
<databaseChangeLog xmlns="http://www.liquibase.org/xml/ns/dbchangelog" xmlns:ext="http://www.liquibase.org/xml/ns/dbchangelog-ext"
	xmlns:xsi="http://www.w3.org/2001/XMLSchema-instance"
	xsi:schemaLocation="http://www.liquibase.org/xml/ns/dbchangelog http://www.liquibase.org/xml/ns/dbchangelog/dbchangelog-2.0.xsd  http://www.liquibase.org/xml/ns/dbchangelog-ext http://www.liquibase.org/xml/ns/dbchangelog/dbchangelog-ext.xsd">
	<changeSet id="20200306_184501" author="Leandro Zanatta" logicalFilePath="20200306_184501_tb_boletodadoscliente.xml">

		<preConditions onFail="CONTINUE">
			<not>
				<tableExists tableName="tb_boletodadoscliente" />
			</not>
		</preConditions>

		<createTable tableName="tb_boletodadoscliente">

			<column name="cd_boleto" type="${numeric.18x0}" remarks="CÓDIGO IDENTIFICADOR">
				<constraints primaryKey="true" primaryKeyName="boletodadoscliente_pk" foreignKeyName="boletodadoscliente_boleto_fk"
					references="tb_boleto(id_boleto)" nullable="false" />
			</column>

			<column name="tx_cgc" type="${varchar.18}" remarks="DOCUMENTO DO CLIENTE(CPF OU CNPJ)">
				<constraints nullable="false" />
			</column>

			<column name="tx_nome" type="${varchar.100}" remarks="NOME DO CLIENTE OU RAZÃO SOCIAL">
				<constraints nullable="false" />
			</column>

			<column name="tx_uf" type="${varchar.2}" remarks="UF DO CLIENTE">
				<constraints nullable="false" />
			</column>

			<column name="fl_tipocliente" type="${varchar.1}" remarks="TIPO DE CLIENTE (FÍSICA-F OU JURÍDICA-J)">
				<constraints nullable="false" />
			</column>

			<column name="tx_endereco" type="${varchar.255}" remarks="ENDEREÇO">
				<constraints nullable="false" />
			</column>

			<column name="tx_numero" type="${varchar.5}" remarks="NÚMERO">
				<constraints nullable="false" />
			</column>

			<column name="tx_bairro" type="${varchar.255}" remarks="BAIRRO">
				<constraints nullable="false" />
			</column>

			<column name="tx_cep" type="${varchar.9}" remarks="CEP">
				<constraints nullable="false" />
			</column>

			<column name="tx_cidade" type="${varchar.100}" remarks="CEP">
				<constraints nullable="false" />
			</column>
		</createTable>

	</changeSet>
</databaseChangeLog>
