<?xml version="1.0" encoding="UTF-8"?>
<databaseChangeLog xmlns="http://www.liquibase.org/xml/ns/dbchangelog" xmlns:ext="http://www.liquibase.org/xml/ns/dbchangelog-ext"
	xmlns:xsi="http://www.w3.org/2001/XMLSchema-instance"
	xsi:schemaLocation="http://www.liquibase.org/xml/ns/dbchangelog http://www.liquibase.org/xml/ns/dbchangelog/dbchangelog-2.0.xsd  http://www.liquibase.org/xml/ns/dbchangelog-ext http://www.liquibase.org/xml/ns/dbchangelog/dbchangelog-ext.xsd">
	<changeSet id="20200517_224400" author="Leandro Zanatta" logicalFilePath="20200517_224400_tb_emailanexo.xml">

		<preConditions onFail="CONTINUE">
			<not>
				<tableExists tableName="tb_emailanexo" />
			</not>
		</preConditions>

		<createTable tableName="tb_emailanexo">

			<column name="id_emailanexo" type="${numeric.18x0}" remarks="CÓDIGO IDENTIFICADOR">
				<constraints primaryKey="true" primaryKeyName="emailanexo_pk" nullable="false" />
			</column>

			<column name="cd_email" type="${numeric.18x0}" remarks="CÓDIGO DO EMAIL">
				<constraints nullable="false" foreignKeyName="anexoemail_email_fk" references="tb_email(id_email)" />
			</column>

			<column name="bl_anexo" type="${blob.binary}" remarks="Anexo da mensagem">
				<constraints nullable="false" />
			</column>

			<column name="tx_nomearquivo" type="${varchar.100}" remarks="NOME DO ARQUIVO">
				<constraints nullable="false" />
			</column>

		</createTable>

		<createSequence sequenceName="gen_emailanexo" />
	</changeSet>
</databaseChangeLog>
