<?xml version="1.0" encoding="UTF-8"?>
<databaseChangeLog xmlns="http://www.liquibase.org/xml/ns/dbchangelog" xmlns:ext="http://www.liquibase.org/xml/ns/dbchangelog-ext"
	xmlns:xsi="http://www.w3.org/2001/XMLSchema-instance"
	xsi:schemaLocation="http://www.liquibase.org/xml/ns/dbchangelog http://www.liquibase.org/xml/ns/dbchangelog/dbchangelog-2.0.xsd  http://www.liquibase.org/xml/ns/dbchangelog-ext http://www.liquibase.org/xml/ns/dbchangelog/dbchangelog-ext.xsd">
	<changeSet id="20200517_204300" author="Leandro Zanatta" logicalFilePath="20200517_204300_tb_remessa.xml">

		<preConditions onFail="CONTINUE">
			<not>
				<tableExists tableName="tb_remessa" />
			</not>
		</preConditions>

		<createTable tableName="tb_remessa">

			<column name="id_remessa" type="${numeric.18x0}" remarks="CÓDIGO IDENTIFICADOR">
				<constraints primaryKey="true" primaryKeyName="remessa_pk" nullable="false" />
			</column>

			<column name="nr_banco" type="${numeric.18x0}" remarks="NÚMERO DO BANCO">
				<constraints nullable="false" />
			</column>

			<column name="nr_remessa" type="${numeric.18x0}" remarks="NÚMERO DA REMESSA">
				<constraints nullable="false" />
			</column>

			<column name="bl_arquivo" type="${blob.binary}" remarks="ARQUIVO DE REMESSA">
				<constraints nullable="false" />
			</column>

			<column name="bl_retorno" type="${blob.binary}" remarks="ARQUIVO DE RETORNO" />

			<column name="dt_cadastro" type="${timestamp}" remarks="DATA DE CADASTRO">
				<constraints nullable="false" />
			</column>

			<column name="cd_status" type="${numeric.18x0}" remarks="CÓDIGO DO STATUS">
				<constraints nullable="false" />
			</column>

		</createTable>

		<createSequence sequenceName="gen_remessa" />
	</changeSet>
</databaseChangeLog>
