<?xml version="1.0" encoding="UTF-8"?>
<databaseChangeLog xmlns="http://www.liquibase.org/xml/ns/dbchangelog" xmlns:ext="http://www.liquibase.org/xml/ns/dbchangelog-ext"
	xmlns:xsi="http://www.w3.org/2001/XMLSchema-instance"
	xsi:schemaLocation="http://www.liquibase.org/xml/ns/dbchangelog http://www.liquibase.org/xml/ns/dbchangelog/dbchangelog-2.0.xsd  http://www.liquibase.org/xml/ns/dbchangelog-ext http://www.liquibase.org/xml/ns/dbchangelog/dbchangelog-ext.xsd">
	<changeSet id="20200517_212400" author="Leandro Zanatta" logicalFilePath="20200517_212400_tb_remessaboleto.xml">

		<preConditions onFail="CONTINUE">
			<not>
				<tableExists tableName="tb_remessaboleto" />
			</not>
		</preConditions>

		<createTable tableName="tb_remessaboleto">

			<column name="cd_remessa" type="${numeric.18x0}" remarks="CÓDIGO DA REMESSA">
				<constraints primaryKey="true" primaryKeyName="remessaboleto_pk" nullable="false" foreignKeyName="remessaboleto_remessa_fk"
					references="tb_remessa(id_remessa)" />
			</column>

			<column name=" cd_boleto " type="${numeric.18x0}" remarks="CÓDIGO DO BOLETO">
				<constraints primaryKey="true" primaryKeyName="remessaboleto_pk" nullable="false" foreignKeyName="remessaboleto_boleto_fk"
					references="tb_boleto(id_boleto)" />
			</column>
		</createTable>
	</changeSet>
</databaseChangeLog>
