<?xml version="1.0" encoding="UTF-8"?>
<databaseChangeLog xmlns="http://www.liquibase.org/xml/ns/dbchangelog" xmlns:ext="http://www.liquibase.org/xml/ns/dbchangelog-ext"
	xmlns:xsi="http://www.w3.org/2001/XMLSchema-instance"
	xsi:schemaLocation="http://www.liquibase.org/xml/ns/dbchangelog http://www.liquibase.org/xml/ns/dbchangelog/dbchangelog-2.0.xsd  http://www.liquibase.org/xml/ns/dbchangelog-ext http://www.liquibase.org/xml/ns/dbchangelog/dbchangelog-ext.xsd">

	<changeSet id="20190508_221800" author="leandro">

		<preConditions onFail="CONTINUE">
			<not>
				<tableExists tableName="tb_pesquisa" />
			</not>
		</preConditions>

		<createTable tableName="tb_pesquisa">

			<column name="id_pesquisa" type="${numeric.18x0}" remarks="CÓDIGO INDENTIFICADOR">
				<constraints primaryKey="true" primaryKeyName="pesquisa_pk" nullable="false" />
			</column>

			<column name="cd_pesquisa" type="${numeric.18x0}" remarks="CÓDIGO DA PESQUISA">
				<constraints nullable="false" />
			</column>

			<column name="tx_descricao" type="${varchar.50}" remarks="DESCRIÇÃO DA PESQUISA">
				<constraints nullable="false" />
			</column>

			<column name="nr_paginacao" type="${numeric.18x0}" remarks="NÚMERO PAGINACAO">
				<constraints nullable="false" />
			</column>

			<column name="cd_tipo" type="${numeric.18x0}" remarks="TIPO DE PESQUISA(0 = NORMAL, 1 = AVANÇADA)">
				<constraints nullable="false" />
			</column>
		</createTable>
		
		<createSequence sequenceName="gen_pesquisa" />
	</changeSet>

</databaseChangeLog>
