<?xml version="1.0" encoding="UTF-8"?>
<databaseChangeLog xmlns="http://www.liquibase.org/xml/ns/dbchangelog" xmlns:ext="http://www.liquibase.org/xml/ns/dbchangelog-ext"
	xmlns:xsi="http://www.w3.org/2001/XMLSchema-instance"
	xsi:schemaLocation="http://www.liquibase.org/xml/ns/dbchangelog http://www.liquibase.org/xml/ns/dbchangelog/dbchangelog-2.0.xsd  http://www.liquibase.org/xml/ns/dbchangelog-ext http://www.liquibase.org/xml/ns/dbchangelog/dbchangelog-ext.xsd">
	<changeSet id="20200210_211100" author="Leandro Zanatta" logicalFilePath="20200210_211100_tb_funcionario.xml">
		<preConditions onFail="CONTINUE">
			<not>
				<tableExists tableName="tb_funcionario" />
			</not>
		</preConditions>
		<createTable tableName="tb_funcionario">
			<column name="id_funcionario" type="${numeric.18x0}" remarks="CÓDIGO INDENTIFICADOR">
				<constraints primaryKey="true" primaryKeyName="funcionario_pk" nullable="false" />
			</column>
			<column name="cd_cliente" type="${numeric.18x0}" remarks="CÓDIGO DO CLIENTE">
				<constraints nullable="false" foreignKeyName="funcionario_cliente_fk" references="tb_cliente(id_cliente)" />
			</column>
			<column name="tx_cargo" type="${varchar.100}" remarks="CARGO">
				<constraints nullable="false" />
			</column>
			<column name="vl_salario" type="NUMERIC(18,2)" remarks="SALÁRIO INICIAL">
				<constraints nullable="false" />
			</column>
			<column name="dt_admissao" type="${date}" remarks="DATA DE ADMISSÃO">
				<constraints nullable="false" />
			</column>
			<column name="dt_demissao" type="${date}" remarks="DATA DE DEMISSÃO" />
		</createTable>

		<createSequence sequenceName="gen_funcionario" />

	</changeSet>
</databaseChangeLog>
