<?xml version="1.0" encoding="UTF-8"?>
<databaseChangeLog xmlns="http://www.liquibase.org/xml/ns/dbchangelog" xmlns:ext="http://www.liquibase.org/xml/ns/dbchangelog-ext"
	xmlns:xsi="http://www.w3.org/2001/XMLSchema-instance"
	xsi:schemaLocation="http://www.liquibase.org/xml/ns/dbchangelog http://www.liquibase.org/xml/ns/dbchangelog/dbchangelog-2.0.xsd  http://www.liquibase.org/xml/ns/dbchangelog-ext http://www.liquibase.org/xml/ns/dbchangelog/dbchangelog-ext.xsd">
	<changeSet id="20200621_011300" author="Leandro Zanatta" logicalFilePath="20200621_011300_tb_contasreceberpagamento.xml">

		<preConditions onFail="CONTINUE">
			<not>
				<tableExists tableName="tb_contasreceberpagamento" />
			</not>
		</preConditions>

		<createTable tableName="tb_contasreceberpagamento">

			<column name="id_contasreceberpagamento" type="${numeric.18x0}" remarks="CÓDIGO IDENTIFICADOR">
				<constraints primaryKey="true" primaryKeyName="contasreceberpagamento_pk" nullable="false" />
			</column>

			<column name="cd_contasreceber" type="${numeric.18x0}" remarks="CÓDIGO DO CONTAS A RECEBER">
				<constraints nullable="false" foreignKeyName="contasreceberpagamento_contasreceber_fk" references="tb_contasreceber(id_contasreceber)" />
			</column>

			<column name="dt_pagamento" type="${date}" remarks="DATA DE PAGAMENTO">
				<constraints nullable="false" />
			</column>

			<column name="vl_pago" type="${numeric.18x2}" remarks="VALOR PAGO">
				<constraints nullable="false" />
			</column>

			<column name="vl_desconto" type="${numeric.18x2}" remarks="VALOR DO DESCONTO">
				<constraints nullable="false" />
			</column>

			<column name="vl_acrescimo" type="${numeric.18x2}" remarks="VALOR DO ACRÉSCIMO">
				<constraints nullable="false" />
			</column>
		
			<column name="dt_cadastro" type="${timestamp}" remarks="DATA DE CADASTRO">
				<constraints nullable="false" />
			</column>

			<column name="dt_manutencao" type="${timestamp}" remarks="DATA DE MANUTENÇÃO">
				<constraints nullable="false" />
			</column>

		</createTable>

		<createSequence sequenceName="gen_contasreceberpagamento" />
	</changeSet>
</databaseChangeLog>
